{
  "rt_skewness": {
    "center": 0.5431583204631985,
    "k": 12.67653929099588,
    "control_p50": 0.6525173757460999,
    "adhd_p50": 0.43379926518029704,
    "control_p25": 0.4593748116254238,
    "control_p75": 0.8522905208080954,
    "adhd_p25": 0.17547003261028474,
    "adhd_p75": 0.6073763884211693,
    "invert": true,
    "use_abs": false
  },
  "pupil_late_minus_early": {
    "center": 1.493435722387863,
    "k": 21.84078097728418,
    "control_p50": 1.5569084691985986,
    "adhd_p50": 1.4299629755771273,
    "control_p25": 0.8261040531855295,
    "control_p75": 3.4991152342920464,
    "adhd_p25": -0.5253466614239288,
    "adhd_p75": 3.115855968015389,
    "invert": true,
    "use_abs": false
  },
  "rt_load_diff": {
    "center": 48.43239565364283,
    "k": 0.15724544284794967,
    "control_p50": 57.2485135392364,
    "adhd_p50": 39.61627776804926,
    "control_p25": 35.24796803422723,
    "control_p75": 77.64808877415058,
    "adhd_p25": 20.94271269271269,
    "adhd_p75": 63.969011699507405,
    "invert": true,
    "use_abs": true
  },
  "pupil_load_diff": {
    "center": 0.22826189466088126,
    "k": 23.918212937724345,
    "control_p50": 0.1703021146083592,
    "adhd_p50": 0.2862216747134033,
    "control_p25": 0.07293805448417379,
    "control_p75": 0.3064551257307643,
    "adhd_p25": 0.12952738471713843,
    "adhd_p75": 0.6174193428878193,
    "invert": true,
    "use_abs": true
  },
  "rt_distractor_slope": {
    "center": 11.951674006211748,
    "k": 2.741023005095006,
    "control_p50": 11.445915988660254,
    "adhd_p50": 12.457432023763243,
    "control_p25": 6.950331116252073,
    "control_p75": 20.78446187584338,
    "adhd_p25": 9.252590841019611,
    "adhd_p75": 20.056184210526283,
    "invert": true,
    "use_abs": true
  },
  "acc_distractor_slope": {
    "center": 0.029734181976478806,
    "k": 1728.6029827775278,
    "control_p50": 0.028932208142734527,
    "adhd_p50": 0.030536155810223085,
    "control_p25": 0.006455705271494694,
    "control_p75": 0.044276315789473795,
    "adhd_p25": 0.016399291497975726,
    "adhd_p75": 0.049473684210526385,
    "invert": true,
    "use_abs": true
  },
  "cv_rt": {
    "center": 0.26937619818920205,
    "k": 34.81564741263788,
    "control_p50": 0.2295580570904766,
    "adhd_p50": 0.3091943392879275,
    "control_p25": 0.21645198289637188,
    "control_p75": 0.2406205950848614,
    "adhd_p25": 0.24263642919404507,
    "adhd_p75": 0.4161205736841596,
    "invert": true,
    "use_abs": false
  },
  "pupil_max_peak": {
    "center": 9.1929143831807,
    "k": 1.2043014081529526,
    "control_p50": 8.041795276506182,
    "adhd_p50": 10.344033489855217,
    "control_p25": 6.3180913153704745,
    "control_p75": 11.38184437410586,
    "adhd_p25": 7.306028725576558,
    "adhd_p75": 15.248859713857914,
    "invert": false,
    "use_abs": false
  },
  "pupil_auc": {
    "center": 0.3609241101945233,
    "k": 11.955874078747945,
    "control_p50": 0.4768750103118209,
    "adhd_p50": 0.24497321007722567,
    "control_p25": 0.320026366262853,
    "control_p75": 0.738149432097202,
    "adhd_p25": -0.086474996509994,
    "adhd_p75": 0.5273324650990494,
    "invert": false,
    "use_abs": false
  },
  "gaze_var_x": {
    "center": 6472.618571652449,
    "k": 0.0034803865196555966,
    "control_p50": 6870.93477972036,
    "adhd_p50": 6074.302363584538,
    "control_p25": 5685.81426097004,
    "control_p75": 8939.154016875142,
    "adhd_p25": 3824.93229524242,
    "adhd_p75": 19100.173873912954,
    "invert": true,
    "use_abs": false
  },
  "gaze_path_normalized": {
    "center": 0.9958814690787264,
    "k": 12.358719866627045,
    "control_p50": 0.8837101134625691,
    "adhd_p50": 1.1080528246948838,
    "control_p25": 0.7468583287716066,
    "control_p75": 1.0406225692970645,
    "adhd_p25": 0.7542630943331029,
    "adhd_p75": 1.6621193993597894,
    "invert": true,
    "use_abs": false
  }
}