{
  "n_subjects": 50,
  "n_control": 22,
  "n_adhd": 28,
  "feature_stats": {
    "mean_rt": {
      "mean": 805.071977,
      "std": 116.322268,
      "p5": 605.163074,
      "p25": 743.006477,
      "p50": 811.811029,
      "p75": 891.526302,
      "p95": 975.569577
    },
    "std_rt": {
      "mean": 231.048482,
      "std": 59.739179,
      "p5": 163.384978,
      "p25": 186.010302,
      "p50": 208.383561,
      "p75": 268.501726,
      "p95": 335.626391
    },
    "cv_rt": {
      "mean": 0.296109,
      "std": 0.10325,
      "p5": 0.194157,
      "p25": 0.222883,
      "p50": 0.257241,
      "p75": 0.344807,
      "p95": 0.517309
    },
    "rt_skewness": {
      "mean": 0.521672,
      "std": 0.422255,
      "p5": -0.157479,
      "p25": 0.238612,
      "p50": 0.50505,
      "p75": 0.708943,
      "p95": 1.364387
    },
    "accuracy": {
      "mean": 0.700199,
      "std": 0.140741,
      "p5": 0.489815,
      "p25": 0.587394,
      "p50": 0.726667,
      "p75": 0.829372,
      "p95": 0.884219
    },
    "omission_rate": {
      "mean": 0.083625,
      "std": 0.081929,
      "p5": 0.009063,
      "p25": 0.025,
      "p50": 0.05625,
      "p75": 0.110937,
      "p95": 0.261562
    },
    "rt_diff_correct_incorrect": {
      "mean": 32.282962,
      "std": 79.275815,
      "p5": -108.052049,
      "p25": -5.871558,
      "p50": 29.044407,
      "p75": 101.711464,
      "p95": 144.454318
    },
    "pupil_max_peak": {
      "mean": 12.30805,
      "std": 9.468346,
      "p5": 4.745899,
      "p25": 6.522293,
      "p50": 9.007832,
      "p75": 14.006223,
      "p95": 28.810883
    },
    "pupil_mean_change": {
      "mean": 0.319206,
      "std": 0.519696,
      "p5": -0.644857,
      "p25": 0.086079,
      "p50": 0.382949,
      "p75": 0.594659,
      "p95": 0.874748
    },
    "pupil_std_of_means": {
      "mean": 2.853477,
      "std": 4.023165,
      "p5": 0.819719,
      "p25": 1.044079,
      "p50": 1.149446,
      "p75": 2.461419,
      "p95": 12.720404
    },
    "pupil_overall_var": {
      "mean": 13897.980603,
      "std": 48620.353467,
      "p5": 48.727098,
      "p25": 209.747136,
      "p50": 536.556783,
      "p75": 3389.529518,
      "p95": 53296.376706
    },
    "pupil_peak_latency": {
      "mean": 0.675604,
      "std": 0.077411,
      "p5": 0.533168,
      "p25": 0.62922,
      "p50": 0.687822,
      "p75": 0.740707,
      "p95": 0.770428
    },
    "pupil_slope": {
      "mean": -0.003005,
      "std": 0.005338,
      "p5": -0.010366,
      "p25": -0.003982,
      "p50": -0.001396,
      "p75": -0.000174,
      "p95": 0.001359
    },
    "pupil_auc": {
      "mean": 0.319326,
      "std": 0.51999,
      "p5": -0.645187,
      "p25": 0.086221,
      "p50": 0.383042,
      "p75": 0.595015,
      "p95": 0.874879
    },
    "pupil_late_minus_early": {
      "mean": 2.087337,
      "std": 4.439081,
      "p5": -3.911291,
      "p25": 0.226553,
      "p50": 1.479323,
      "p75": 3.217675,
      "p95": 9.705381
    },
    "pupil_slope_var": {
      "mean": 0.031716,
      "std": 0.057753,
      "p5": 0.003858,
      "p25": 0.007042,
      "p50": 0.01599,
      "p75": 0.032498,
      "p95": 0.109257
    },
    "pupil_load_diff": {
      "mean": 0.120573,
      "std": 0.73911,
      "p5": -1.300179,
      "p25": -0.025458,
      "p50": 0.12171,
      "p75": 0.323197,
      "p95": 0.872092
    },
    "pupil_peak_load_diff": {
      "mean": 1.667708,
      "std": 20.282332,
      "p5": -21.306171,
      "p25": -2.986395,
      "p50": -0.472576,
      "p75": 3.660368,
      "p95": 30.961516
    },
    "gaze_var_x": {
      "mean": 11366.737451,
      "std": 12310.442965,
      "p5": 2792.65454,
      "p25": 4167.841378,
      "p50": 6785.055756,
      "p75": 12827.971273,
      "p95": 31756.606129
    },
    "gaze_var_y": {
      "mean": 11658.727242,
      "std": 18233.627216,
      "p5": 2590.298883,
      "p25": 3922.015186,
      "p50": 6450.615509,
      "p75": 10773.55062,
      "p95": 41377.532449
    },
    "gaze_path_normalized": {
      "mean": 1.266431,
      "std": 1.029381,
      "p5": 0.533509,
      "p25": 0.746858,
      "p50": 0.992068,
      "p75": 1.254138,
      "p95": 3.167198
    },
    "mean_rt_load1": {
      "mean": 786.643194,
      "std": 113.25393,
      "p5": 621.324924,
      "p25": 718.904103,
      "p50": 790.619771,
      "p75": 854.580929,
      "p95": 970.264286
    },
    "mean_rt_load2": {
      "mean": 823.69178,
      "std": 124.426584,
      "p5": 585.789324,
      "p25": 762.818382,
      "p50": 844.1875,
      "p75": 903.427613,
      "p95": 989.215559
    },
    "rt_load_diff": {
      "mean": 37.048586,
      "std": 49.879897,
      "p5": -44.471322,
      "p25": -0.736299,
      "p50": 39.438354,
      "p75": 74.312059,
      "p95": 107.428633
    },
    "acc_load_diff": {
      "mean": 0.106223,
      "std": 0.101267,
      "p5": -0.06142,
      "p25": 0.034808,
      "p50": 0.099096,
      "p75": 0.168041,
      "p95": 0.276372
    },
    "rt_distractor_slope": {
      "mean": 4.458234,
      "std": 17.846302,
      "p5": -26.089005,
      "p25": -8.574746,
      "p50": 6.339657,
      "p75": 15.447788,
      "p95": 26.774198
    },
    "acc_distractor_slope": {
      "mean": -0.023217,
      "std": 0.038428,
      "p5": -0.080688,
      "p25": -0.044276,
      "p50": -0.022814,
      "p75": -0.001509,
      "p95": 0.032132
    }
  },
  "calibration": {
    "mean_rt": {
      "control_median": 828.892836,
      "overall_iqr": 148.519825
    },
    "std_rt": {
      "control_median": 190.555074,
      "overall_iqr": 82.491425
    },
    "cv_rt": {
      "control_median": 0.229558,
      "overall_iqr": 0.121923
    },
    "rt_skewness": {
      "control_median": 0.652517,
      "overall_iqr": 0.470332
    },
    "accuracy": {
      "control_median": 0.823228,
      "overall_iqr": 0.241978
    },
    "omission_rate": {
      "control_median": 0.04375,
      "overall_iqr": 0.085938
    },
    "rt_diff_correct_incorrect": {
      "control_median": 61.414932,
      "overall_iqr": 107.583022
    },
    "pupil_max_peak": {
      "control_median": 8.041795,
      "overall_iqr": 7.48393
    },
    "pupil_mean_change": {
      "control_median": 0.47676,
      "overall_iqr": 0.508579
    },
    "pupil_std_of_means": {
      "control_median": 1.055174,
      "overall_iqr": 1.417339
    },
    "pupil_overall_var": {
      "control_median": 318.223082,
      "overall_iqr": 3179.782382
    },
    "pupil_peak_latency": {
      "control_median": 0.717848,
      "overall_iqr": 0.111488
    },
    "pupil_slope": {
      "control_median": -0.001396,
      "overall_iqr": 0.003808
    },
    "pupil_auc": {
      "control_median": 0.476875,
      "overall_iqr": 0.508794
    },
    "pupil_late_minus_early": {
      "control_median": 1.556908,
      "overall_iqr": 2.991122
    },
    "pupil_slope_var": {
      "control_median": 0.009447,
      "overall_iqr": 0.025456
    },
    "pupil_load_diff": {
      "control_median": 0.102128,
      "overall_iqr": 0.348655
    },
    "pupil_peak_load_diff": {
      "control_median": -0.472576,
      "overall_iqr": 6.646763
    },
    "gaze_var_x": {
      "control_median": 6870.93478,
      "overall_iqr": 8660.129894
    },
    "gaze_var_y": {
      "control_median": 5374.500023,
      "overall_iqr": 6851.535434
    },
    "gaze_path_normalized": {
      "control_median": 0.88371,
      "overall_iqr": 0.507279
    },
    "mean_rt_load1": {
      "control_median": 804.762488,
      "overall_iqr": 135.676826
    },
    "mean_rt_load2": {
      "control_median": 866.550633,
      "overall_iqr": 140.609231
    },
    "rt_load_diff": {
      "control_median": 53.006282,
      "overall_iqr": 75.048358
    },
    "acc_load_diff": {
      "control_median": 0.134819,
      "overall_iqr": 0.133233
    },
    "rt_distractor_slope": {
      "control_median": 9.100675,
      "overall_iqr": 24.022535
    },
    "acc_distractor_slope": {
      "control_median": -0.028932,